{"cameraMode":{"drawMode":0,"name":"Shaded","section":"Shading Mode"},"sceneLighting":true,"audioPlay":false,"sceneViewState":{"showFog":true,"showMaterialUpdate":false,"showSkybox":true,"showFlares":true,"showImageEffects":true,"showParticleSystems":true},"in2DMode":false,"pivot":{"x":-0.482149213552475,"y":8.574699401855469,"z":-26.999771118164064},"rotation":{"x":-0.007797977887094021,"y":0.05456860363483429,"z":-0.00042616602149792016,"w":-0.9984795451164246},"size":4.442073822021484,"orthographic":false}