{"cameraMode":{"drawMode":0,"name":"Shaded","section":"Shading Mode"},"sceneLighting":false,"audioPlay":false,"sceneViewState":{"showFog":true,"showMaterialUpdate":false,"showSkybox":false,"showFlares":true,"showImageEffects":true,"showParticleSystems":true},"in2DMode":false,"pivot":{"x":11.100493431091309,"y":2.8285903930664064,"z":11.283527374267579},"rotation":{"x":-0.001087358919903636,"y":0.6888468265533447,"z":-0.0010332709643989802,"w":-0.7249054312705994},"size":11.455002784729004,"orthographic":false}